strategy,student_type,success,total_steps,final_mastery,reached_mastery_step,remediation_count,unnecessary_remediations,final_accuracy
AB1_Baseline,Careless,1,32,0.8083,32,0,0,0.375
AB1_Baseline,Careless,1,7,0.801,7,0,0,0.8571
AB1_Baseline,Careless,1,16,0.8054,16,0,0,0.5625
AB1_Baseline,Careless,1,15,0.8057,15,0,0,0.5333
AB1_Baseline,Careless,1,21,0.8017,21,0,0,0.5238
AB1_Baseline,Careless,1,7,0.8063,7,0,0,1.0
AB1_Baseline,Careless,1,31,0.8076,31,0,0,0.4194
AB1_Baseline,Careless,1,25,0.8004,25,0,0,0.56
AB1_Baseline,Careless,1,20,0.8075,20,0,0,0.6
AB1_Baseline,Careless,1,17,0.8034,17,0,0,0.7059
AB1_Baseline,Careless,1,22,0.806,22,0,0,0.5
AB1_Baseline,Careless,1,17,0.8024,17,0,0,0.5294
AB1_Baseline,Careless,1,12,0.8086,12,0,0,0.5833
AB1_Baseline,Careless,1,21,0.8052,21,0,0,0.5238
AB1_Baseline,Careless,1,25,0.8074,25,0,0,0.44
AB1_Baseline,Careless,1,16,0.8038,16,0,0,0.4375
AB1_Baseline,Careless,1,35,0.8178,35,0,0,0.4286
AB1_Baseline,Careless,1,17,0.8105,17,0,0,0.5882
AB1_Baseline,Careless,1,30,0.8016,30,0,0,0.4333
AB1_Baseline,Careless,0,40,0.7773,,0,0,0.5
AB1_Baseline,Careless,1,15,0.8062,15,0,0,0.6667
AB1_Baseline,Careless,1,22,0.8002,22,0,0,0.5455
AB1_Baseline,Careless,1,20,0.8061,20,0,0,0.5
AB1_Baseline,Careless,1,13,0.8003,13,0,0,0.5385
AB1_Baseline,Careless,1,5,0.8047,5,0,0,1.0
AB1_Baseline,Careless,1,20,0.8062,20,0,0,0.55
AB1_Baseline,Careless,1,27,0.8052,27,0,0,0.4815
AB1_Baseline,Careless,1,16,0.804,16,0,0,0.6875
AB1_Baseline,Careless,1,9,0.8024,9,0,0,0.7778
AB1_Baseline,Careless,1,12,0.8042,12,0,0,0.75
AB1_Baseline,Careless,1,32,0.801,32,0,0,0.4062
AB1_Baseline,Careless,1,27,0.8138,27,0,0,0.3704
AB1_Baseline,Careless,1,12,0.8191,12,0,0,0.6667
AB1_Baseline,Careless,1,35,0.8272,35,0,0,0.5429
AB1_Baseline,Careless,1,17,0.8051,17,0,0,0.6471
AB1_Baseline,Careless,1,12,0.8071,12,0,0,0.6667
AB1_Baseline,Careless,1,8,0.8009,8,0,0,0.75
AB1_Baseline,Careless,1,7,0.8089,7,0,0,0.7143
AB1_Baseline,Careless,1,9,0.806,9,0,0,0.7778
AB1_Baseline,Careless,1,25,0.8091,25,0,0,0.56
AB1_Baseline,Careless,1,21,0.8023,21,0,0,0.5714
AB1_Baseline,Careless,1,22,0.8098,22,0,0,0.5455
AB1_Baseline,Careless,1,10,0.802,10,0,0,0.7
AB1_Baseline,Careless,1,12,0.8096,12,0,0,0.6667
AB1_Baseline,Careless,1,21,0.805,21,0,0,0.4762
AB1_Baseline,Careless,1,16,0.8221,16,0,0,0.5625
AB1_Baseline,Careless,1,20,0.8013,20,0,0,0.5
AB1_Baseline,Careless,1,19,0.8117,19,0,0,0.4211
AB1_Baseline,Careless,1,14,0.8003,14,0,0,0.5714
AB1_Baseline,Careless,1,33,0.8201,33,0,0,0.4545
AB1_Baseline,Careless,1,20,0.8078,20,0,0,0.45
AB1_Baseline,Careless,1,16,0.8077,16,0,0,0.625
AB1_Baseline,Careless,1,6,0.8153,6,0,0,0.8333
AB1_Baseline,Careless,1,16,0.8091,16,0,0,0.5625
AB1_Baseline,Careless,1,15,0.801,15,0,0,0.6667
AB1_Baseline,Careless,1,10,0.8139,10,0,0,0.9
AB1_Baseline,Careless,1,24,0.8034,24,0,0,0.4583
AB1_Baseline,Careless,1,20,0.8158,20,0,0,0.6
AB1_Baseline,Careless,1,12,0.803,12,0,0,0.6667
AB1_Baseline,Careless,1,10,0.8051,10,0,0,0.7
AB1_Baseline,Careless,1,3,0.8002,3,0,0,1.0
AB1_Baseline,Careless,1,17,0.8021,17,0,0,0.5882
AB1_Baseline,Careless,0,40,0.7424,,0,0,0.3
AB1_Baseline,Careless,1,13,0.8055,13,0,0,0.6154
AB1_Baseline,Careless,1,12,0.8075,12,0,0,0.6667
AB1_Baseline,Careless,1,32,0.8329,32,0,0,0.4688
AB1_Baseline,Careless,1,29,0.8031,29,0,0,0.4138
AB1_Baseline,Careless,1,22,0.8016,22,0,0,0.4091
AB1_Baseline,Careless,1,19,0.8063,19,0,0,0.4737
AB1_Baseline,Careless,1,12,0.8204,12,0,0,0.6667
AB1_Baseline,Careless,1,11,0.8031,11,0,0,0.7273
AB1_Baseline,Careless,1,17,0.8095,17,0,0,0.5294
AB1_Baseline,Careless,1,10,0.8058,10,0,0,0.7
AB1_Baseline,Careless,1,16,0.8065,16,0,0,0.625
AB1_Baseline,Careless,1,11,0.803,11,0,0,0.8182
AB1_Baseline,Careless,1,34,0.8121,34,0,0,0.4706
AB1_Baseline,Careless,1,11,0.8049,11,0,0,0.7273
AB1_Baseline,Careless,1,20,0.8069,20,0,0,0.55
AB1_Baseline,Careless,1,13,0.8078,13,0,0,0.5385
AB1_Baseline,Careless,1,27,0.8092,27,0,0,0.4444
AB1_Baseline,Careless,1,16,0.8004,16,0,0,0.625
AB1_Baseline,Careless,1,12,0.8038,12,0,0,0.5833
AB1_Baseline,Careless,1,13,0.8037,13,0,0,0.6154
AB1_Baseline,Careless,1,12,0.802,12,0,0,0.5833
AB1_Baseline,Careless,1,17,0.8074,17,0,0,0.5294
AB1_Baseline,Careless,1,19,0.8066,19,0,0,0.5789
AB1_Baseline,Careless,1,25,0.8294,25,0,0,0.52
AB1_Baseline,Careless,1,15,0.8095,15,0,0,0.5333
AB1_Baseline,Careless,1,17,0.8091,17,0,0,0.5882
AB1_Baseline,Careless,1,14,0.8092,14,0,0,0.6429
AB1_Baseline,Careless,1,5,0.8026,5,0,0,1.0
AB1_Baseline,Careless,1,15,0.8038,15,0,0,0.4667
AB1_Baseline,Careless,1,17,0.8068,17,0,0,0.7647
AB1_Baseline,Careless,1,37,0.8048,37,0,0,0.5676
AB1_Baseline,Careless,1,14,0.8026,14,0,0,0.7143
AB1_Baseline,Careless,1,5,0.8024,5,0,0,1.0
AB1_Baseline,Careless,1,26,0.8197,26,0,0,0.4615
AB1_Baseline,Careless,1,17,0.8045,17,0,0,0.4706
AB1_Baseline,Careless,1,17,0.801,17,0,0,0.5882
AB1_Baseline,Careless,1,25,0.8184,25,0,0,0.48
AB1_Baseline,Weak,0,40,0.4762,,0,0,0.375
AB1_Baseline,Weak,0,40,0.6437,,0,0,0.675
AB1_Baseline,Weak,0,40,0.5305,,0,0,0.5
AB1_Baseline,Weak,0,40,0.4995,,0,0,0.575
AB1_Baseline,Weak,0,40,0.6428,,0,0,0.625
AB1_Baseline,Weak,0,40,0.4645,,0,0,0.35
AB1_Baseline,Weak,0,40,0.525,,0,0,0.575
AB1_Baseline,Weak,0,40,0.6962,,0,0,0.7
AB1_Baseline,Weak,0,40,0.6008,,0,0,0.55
AB1_Baseline,Weak,0,40,0.5016,,0,0,0.525
AB1_Baseline,Weak,0,40,0.6211,,0,0,0.575
AB1_Baseline,Weak,0,40,0.7198,,0,0,0.675
AB1_Baseline,Weak,0,40,0.6964,,0,0,0.6
AB1_Baseline,Weak,0,40,0.5388,,0,0,0.55
AB1_Baseline,Weak,0,40,0.5863,,0,0,0.475
AB1_Baseline,Weak,0,40,0.579,,0,0,0.475
AB1_Baseline,Weak,0,40,0.5121,,0,0,0.375
AB1_Baseline,Weak,0,40,0.616,,0,0,0.525
AB1_Baseline,Weak,0,40,0.5413,,0,0,0.5
AB1_Baseline,Weak,0,40,0.5828,,0,0,0.525
AB1_Baseline,Weak,0,40,0.488,,0,0,0.45
AB1_Baseline,Weak,0,40,0.5333,,0,0,0.425
AB1_Baseline,Weak,0,40,0.6602,,0,0,0.55
AB1_Baseline,Weak,0,40,0.5912,,0,0,0.575
AB1_Baseline,Weak,0,40,0.3963,,0,0,0.275
AB1_Baseline,Weak,0,40,0.7047,,0,0,0.675
AB1_Baseline,Weak,0,40,0.488,,0,0,0.4
AB1_Baseline,Weak,0,40,0.6289,,0,0,0.55
AB1_Baseline,Weak,0,40,0.6397,,0,0,0.625
AB1_Baseline,Weak,0,40,0.5753,,0,0,0.575
AB1_Baseline,Weak,0,40,0.4922,,0,0,0.45
AB1_Baseline,Weak,0,40,0.5345,,0,0,0.5
AB1_Baseline,Weak,0,40,0.4346,,0,0,0.4
AB1_Baseline,Weak,0,40,0.6327,,0,0,0.525
AB1_Baseline,Weak,0,40,0.7053,,0,0,0.5
AB1_Baseline,Weak,0,40,0.2826,,0,0,0.175
AB1_Baseline,Weak,0,40,0.5633,,0,0,0.525
AB1_Baseline,Weak,0,40,0.6529,,0,0,0.6
AB1_Baseline,Weak,0,40,0.3702,,0,0,0.25
AB1_Baseline,Weak,0,40,0.3371,,0,0,0.225
AB1_Baseline,Weak,0,40,0.7061,,0,0,0.55
AB1_Baseline,Weak,0,40,0.4111,,0,0,0.425
AB1_Baseline,Weak,0,40,0.4342,,0,0,0.3
AB1_Baseline,Weak,0,40,0.5152,,0,0,0.6
AB1_Baseline,Weak,0,40,0.5256,,0,0,0.475
AB1_Baseline,Weak,0,40,0.4602,,0,0,0.35
AB1_Baseline,Weak,0,40,0.596,,0,0,0.525
AB1_Baseline,Weak,0,40,0.5399,,0,0,0.55
AB1_Baseline,Weak,0,40,0.5605,,0,0,0.575
AB1_Baseline,Weak,0,40,0.5857,,0,0,0.425
AB1_Baseline,Weak,0,40,0.5745,,0,0,0.625
AB1_Baseline,Weak,0,40,0.5025,,0,0,0.475
AB1_Baseline,Weak,0,40,0.7009,,0,0,0.575
AB1_Baseline,Weak,0,40,0.5324,,0,0,0.45
AB1_Baseline,Weak,0,40,0.7313,,0,0,0.625
AB1_Baseline,Weak,0,40,0.5499,,0,0,0.55
AB1_Baseline,Weak,0,40,0.6862,,0,0,0.625
AB1_Baseline,Weak,0,40,0.5938,,0,0,0.55
AB1_Baseline,Weak,0,40,0.5287,,0,0,0.525
AB1_Baseline,Weak,0,40,0.524,,0,0,0.55
AB1_Baseline,Weak,0,40,0.6682,,0,0,0.6
AB1_Baseline,Weak,0,40,0.6994,,0,0,0.825
AB1_Baseline,Weak,0,40,0.7056,,0,0,0.7
AB1_Baseline,Weak,0,40,0.6328,,0,0,0.525
AB1_Baseline,Weak,0,40,0.4536,,0,0,0.425
AB1_Baseline,Weak,0,40,0.7495,,0,0,0.85
AB1_Baseline,Weak,0,40,0.6965,,0,0,0.575
AB1_Baseline,Weak,0,40,0.5643,,0,0,0.525
AB1_Baseline,Weak,0,40,0.5523,,0,0,0.55
AB1_Baseline,Weak,0,40,0.5057,,0,0,0.5
AB1_Baseline,Weak,0,40,0.6659,,0,0,0.65
AB1_Baseline,Weak,0,40,0.6217,,0,0,0.6
AB1_Baseline,Weak,0,40,0.6211,,0,0,0.575
AB1_Baseline,Weak,0,40,0.4755,,0,0,0.5
AB1_Baseline,Weak,0,40,0.566,,0,0,0.475
AB1_Baseline,Weak,0,40,0.4859,,0,0,0.425
AB1_Baseline,Weak,0,40,0.5015,,0,0,0.5
AB1_Baseline,Weak,0,40,0.2018,,0,0,0.2
AB1_Baseline,Weak,0,40,0.7109,,0,0,0.675
AB1_Baseline,Weak,0,40,0.3986,,0,0,0.375
AB1_Baseline,Weak,0,40,0.7958,,0,0,0.7
AB1_Baseline,Weak,0,40,0.6641,,0,0,0.675
AB1_Baseline,Weak,0,40,0.6112,,0,0,0.55
AB1_Baseline,Weak,0,40,0.6589,,0,0,0.55
AB1_Baseline,Weak,0,40,0.5434,,0,0,0.45
AB1_Baseline,Weak,0,40,0.5855,,0,0,0.5
AB1_Baseline,Weak,0,40,0.5348,,0,0,0.525
AB1_Baseline,Weak,0,40,0.595,,0,0,0.45
AB1_Baseline,Weak,0,40,0.6065,,0,0,0.375
AB1_Baseline,Weak,0,40,0.3081,,0,0,0.2
AB1_Baseline,Weak,0,40,0.5828,,0,0,0.6
AB1_Baseline,Weak,0,40,0.6479,,0,0,0.575
AB1_Baseline,Weak,0,40,0.6356,,0,0,0.55
AB1_Baseline,Weak,0,40,0.6437,,0,0,0.5
AB1_Baseline,Weak,0,40,0.5065,,0,0,0.5
AB1_Baseline,Weak,0,40,0.7027,,0,0,0.525
AB1_Baseline,Weak,0,40,0.6181,,0,0,0.65
AB1_Baseline,Weak,0,40,0.4948,,0,0,0.325
AB1_Baseline,Weak,0,40,0.5957,,0,0,0.625
AB1_Baseline,Weak,0,40,0.581,,0,0,0.5
AB1_Baseline,Average,1,38,0.8124,38,0,0,0.5526
AB1_Baseline,Average,0,40,0.7471,,0,0,0.6
AB1_Baseline,Average,1,16,0.8042,16,0,0,0.8125
AB1_Baseline,Average,1,27,0.8189,27,0,0,0.7037
AB1_Baseline,Average,0,40,0.7095,,0,0,0.6
AB1_Baseline,Average,1,32,0.8132,32,0,0,0.6875
AB1_Baseline,Average,1,25,0.8149,25,0,0,0.72
AB1_Baseline,Average,1,27,0.8111,27,0,0,0.7037
AB1_Baseline,Average,0,40,0.778,,0,0,0.55
AB1_Baseline,Average,1,26,0.8154,26,0,0,0.6538
AB1_Baseline,Average,1,32,0.8001,32,0,0,0.7188
AB1_Baseline,Average,0,40,0.7837,,0,0,0.525
AB1_Baseline,Average,0,40,0.7763,,0,0,0.775
AB1_Baseline,Average,0,40,0.7587,,0,0,0.6
AB1_Baseline,Average,1,27,0.8078,27,0,0,0.5926
AB1_Baseline,Average,1,22,0.8065,22,0,0,0.6818
AB1_Baseline,Average,0,40,0.6912,,0,0,0.525
AB1_Baseline,Average,0,40,0.7432,,0,0,0.625
AB1_Baseline,Average,1,27,0.8018,27,0,0,0.7037
AB1_Baseline,Average,1,40,0.8046,40,0,0,0.575
AB1_Baseline,Average,1,16,0.8005,16,0,0,0.875
AB1_Baseline,Average,0,40,0.7417,,0,0,0.575
AB1_Baseline,Average,0,40,0.7857,,0,0,0.7
AB1_Baseline,Average,1,25,0.8179,25,0,0,0.84
AB1_Baseline,Average,1,22,0.8045,22,0,0,0.6364
AB1_Baseline,Average,0,40,0.7664,,0,0,0.6
AB1_Baseline,Average,0,40,0.7639,,0,0,0.675
AB1_Baseline,Average,1,29,0.8078,29,0,0,0.6207
AB1_Baseline,Average,0,40,0.6793,,0,0,0.5
AB1_Baseline,Average,1,23,0.8009,23,0,0,0.7826
AB1_Baseline,Average,1,21,0.8124,21,0,0,0.7143
AB1_Baseline,Average,1,32,0.8022,32,0,0,0.7188
AB1_Baseline,Average,1,30,0.8137,30,0,0,0.6
AB1_Baseline,Average,0,40,0.7854,,0,0,0.7
AB1_Baseline,Average,1,15,0.8114,15,0,0,0.8
AB1_Baseline,Average,1,35,0.8068,35,0,0,0.6
AB1_Baseline,Average,1,20,0.8094,20,0,0,0.7
AB1_Baseline,Average,1,27,0.8081,27,0,0,0.7037
AB1_Baseline,Average,1,32,0.8007,32,0,0,0.5312
AB1_Baseline,Average,0,40,0.773,,0,0,0.575
AB1_Baseline,Average,1,30,0.8022,30,0,0,0.7333
AB1_Baseline,Average,1,29,0.8025,29,0,0,0.5862
AB1_Baseline,Average,1,30,0.8264,30,0,0,0.7
AB1_Baseline,Average,1,33,0.8009,33,0,0,0.5758
AB1_Baseline,Average,1,30,0.8044,30,0,0,0.7333
AB1_Baseline,Average,1,17,0.8038,17,0,0,0.7647
AB1_Baseline,Average,0,40,0.7726,,0,0,0.575
AB1_Baseline,Average,1,35,0.8043,35,0,0,0.6286
AB1_Baseline,Average,0,40,0.7863,,0,0,0.55
AB1_Baseline,Average,1,28,0.8005,28,0,0,0.6429
AB1_Baseline,Average,0,40,0.6729,,0,0,0.35
AB1_Baseline,Average,1,21,0.8056,21,0,0,0.8095
AB1_Baseline,Average,0,40,0.7804,,0,0,0.675
AB1_Baseline,Average,0,40,0.7967,,0,0,0.625
AB1_Baseline,Average,1,22,0.8126,22,0,0,0.7727
AB1_Baseline,Average,1,25,0.8101,25,0,0,0.76
AB1_Baseline,Average,1,27,0.8242,27,0,0,0.6296
AB1_Baseline,Average,0,40,0.7423,,0,0,0.65
AB1_Baseline,Average,1,27,0.808,27,0,0,0.6667
AB1_Baseline,Average,1,27,0.8048,27,0,0,0.7407
AB1_Baseline,Average,0,40,0.7574,,0,0,0.575
AB1_Baseline,Average,0,40,0.7281,,0,0,0.55
AB1_Baseline,Average,1,30,0.8112,30,0,0,0.7
AB1_Baseline,Average,1,35,0.814,35,0,0,0.5714
AB1_Baseline,Average,1,36,0.8076,36,0,0,0.5556
AB1_Baseline,Average,1,36,0.8175,36,0,0,0.5556
AB1_Baseline,Average,1,24,0.8021,24,0,0,0.75
AB1_Baseline,Average,1,31,0.8009,31,0,0,0.8065
AB1_Baseline,Average,0,40,0.7782,,0,0,0.5
AB1_Baseline,Average,1,37,0.8105,37,0,0,0.5676
AB1_Baseline,Average,0,40,0.7251,,0,0,0.625
AB1_Baseline,Average,0,40,0.7827,,0,0,0.625
AB1_Baseline,Average,0,40,0.7557,,0,0,0.675
AB1_Baseline,Average,1,32,0.8025,32,0,0,0.7188
AB1_Baseline,Average,1,26,0.8002,26,0,0,0.7308
AB1_Baseline,Average,0,40,0.7143,,0,0,0.575
AB1_Baseline,Average,1,17,0.8031,17,0,0,0.7647
AB1_Baseline,Average,0,40,0.748,,0,0,0.675
AB1_Baseline,Average,0,40,0.7946,,0,0,0.575
AB1_Baseline,Average,1,31,0.8077,31,0,0,0.6129
AB1_Baseline,Average,1,30,0.8053,30,0,0,0.8333
AB1_Baseline,Average,1,22,0.8051,22,0,0,0.8182
AB1_Baseline,Average,1,24,0.8153,24,0,0,0.7083
AB1_Baseline,Average,0,40,0.765,,0,0,0.55
AB1_Baseline,Average,1,38,0.826,38,0,0,0.5789
AB1_Baseline,Average,1,38,0.8294,38,0,0,0.6316
AB1_Baseline,Average,1,30,0.809,30,0,0,0.6
AB1_Baseline,Average,1,31,0.8088,31,0,0,0.7097
AB1_Baseline,Average,0,40,0.7416,,0,0,0.525
AB1_Baseline,Average,1,22,0.8015,22,0,0,0.7273
AB1_Baseline,Average,0,40,0.786,,0,0,0.6
AB1_Baseline,Average,1,40,0.8039,40,0,0,0.6
AB1_Baseline,Average,0,40,0.7684,,0,0,0.625
AB1_Baseline,Average,1,27,0.8149,27,0,0,0.7407
AB1_Baseline,Average,1,20,0.8069,20,0,0,0.75
AB1_Baseline,Average,1,25,0.8259,25,0,0,0.76
AB1_Baseline,Average,1,35,0.8015,35,0,0,0.6286
AB1_Baseline,Average,1,36,0.8131,36,0,0,0.6667
AB1_Baseline,Average,1,39,0.8205,39,0,0,0.6154
AB1_Baseline,Average,1,37,0.8062,37,0,0,0.6757
AB2_RuleBased,Careless,1,17,0.8037,17,2,2,0.5882
AB2_RuleBased,Careless,1,15,0.8015,15,2,2,0.5333
AB2_RuleBased,Careless,1,15,0.8347,15,1,1,0.7333
AB2_RuleBased,Careless,1,11,0.8187,11,1,1,0.6364
AB2_RuleBased,Careless,1,33,0.8102,33,5,3,0.4545
AB2_RuleBased,Careless,1,12,0.8078,12,1,1,0.5833
AB2_RuleBased,Careless,1,22,0.8088,22,4,3,0.5
AB2_RuleBased,Careless,1,12,0.8299,12,1,1,0.5833
AB2_RuleBased,Careless,1,21,0.8022,21,2,1,0.619
AB2_RuleBased,Careless,1,19,0.8015,19,2,2,0.5789
AB2_RuleBased,Careless,1,22,0.8015,22,3,2,0.5455
AB2_RuleBased,Careless,1,16,0.8052,16,3,2,0.4375
AB2_RuleBased,Careless,1,12,0.8062,12,2,2,0.6667
AB2_RuleBased,Careless,1,15,0.8124,15,1,1,0.6667
AB2_RuleBased,Careless,1,11,0.8007,11,1,1,0.7273
AB2_RuleBased,Careless,1,35,0.8092,35,5,4,0.5429
AB2_RuleBased,Careless,1,22,0.8032,22,4,3,0.4091
AB2_RuleBased,Careless,1,26,0.8014,26,3,2,0.5385
AB2_RuleBased,Careless,0,40,0.7952,,7,5,0.35
AB2_RuleBased,Careless,1,14,0.8013,14,2,1,0.6429
AB2_RuleBased,Careless,1,19,0.8073,19,3,3,0.5789
AB2_RuleBased,Careless,1,11,0.8094,11,2,2,0.4545
AB2_RuleBased,Careless,1,10,0.8081,10,1,1,0.6
AB2_RuleBased,Careless,1,36,0.8008,36,5,4,0.3889
AB2_RuleBased,Careless,1,21,0.8054,21,2,2,0.5714
AB2_RuleBased,Careless,1,15,0.809,15,1,1,0.6
AB2_RuleBased,Careless,1,9,0.8093,9,1,1,0.6667
AB2_RuleBased,Careless,1,10,0.807,10,1,1,0.6
AB2_RuleBased,Careless,1,21,0.8115,21,2,2,0.5714
AB2_RuleBased,Careless,1,16,0.8043,16,0,0,0.625
AB2_RuleBased,Careless,1,8,0.8048,8,1,1,0.75
AB2_RuleBased,Careless,1,10,0.8137,10,1,1,0.7
AB2_RuleBased,Careless,1,19,0.8066,19,2,1,0.5263
AB2_RuleBased,Careless,1,10,0.8054,10,1,1,0.7
AB2_RuleBased,Careless,1,19,0.8016,19,2,2,0.5789
AB2_RuleBased,Careless,1,17,0.8042,17,3,3,0.5294
AB2_RuleBased,Careless,1,15,0.8075,15,2,2,0.6
AB2_RuleBased,Careless,1,11,0.8043,11,0,0,0.6364
AB2_RuleBased,Careless,1,10,0.8139,10,2,2,0.6
AB2_RuleBased,Careless,1,16,0.8107,16,2,1,0.5625
AB2_RuleBased,Careless,1,14,0.8027,14,1,1,0.5714
AB2_RuleBased,Careless,1,21,0.8008,21,3,2,0.4762
AB2_RuleBased,Careless,1,27,0.8031,27,2,2,0.5185
AB2_RuleBased,Careless,1,15,0.8022,15,1,1,0.6667
AB2_RuleBased,Careless,1,20,0.8007,20,3,3,0.45
AB2_RuleBased,Careless,1,15,0.8029,15,3,3,0.4667
AB2_RuleBased,Careless,1,7,0.8069,7,1,1,0.7143
AB2_RuleBased,Careless,1,28,0.8114,28,4,3,0.5
AB2_RuleBased,Careless,1,9,0.8038,9,0,0,0.7778
AB2_RuleBased,Careless,1,13,0.818,13,1,1,0.6154
AB2_RuleBased,Careless,1,22,0.8093,22,3,3,0.5455
AB2_RuleBased,Careless,1,17,0.8121,17,2,2,0.4706
AB2_RuleBased,Careless,1,23,0.8053,23,4,3,0.4783
AB2_RuleBased,Careless,1,21,0.8071,21,4,3,0.4762
AB2_RuleBased,Careless,1,25,0.8128,25,3,3,0.52
AB2_RuleBased,Careless,1,27,0.8074,27,4,4,0.4815
AB2_RuleBased,Careless,1,14,0.8266,14,1,1,0.7143
AB2_RuleBased,Careless,1,17,0.8045,17,3,3,0.4706
AB2_RuleBased,Careless,1,22,0.8009,22,3,2,0.5
AB2_RuleBased,Careless,1,11,0.8042,11,2,1,0.4545
AB2_RuleBased,Careless,1,35,0.8025,35,5,5,0.4
AB2_RuleBased,Careless,1,11,0.805,11,1,1,0.7273
AB2_RuleBased,Careless,1,8,0.8048,8,1,1,0.625
AB2_RuleBased,Careless,1,22,0.8093,22,3,3,0.5
AB2_RuleBased,Careless,1,21,0.8025,21,3,3,0.5238
AB2_RuleBased,Careless,1,17,0.8086,17,2,2,0.5882
AB2_RuleBased,Careless,1,10,0.8031,10,0,0,0.7
AB2_RuleBased,Careless,1,19,0.8055,19,4,4,0.3684
AB2_RuleBased,Careless,1,11,0.8105,11,2,2,0.5455
AB2_RuleBased,Careless,1,22,0.8018,22,5,4,0.4091
AB2_RuleBased,Careless,1,11,0.8041,11,2,2,0.5455
AB2_RuleBased,Careless,1,25,0.8093,25,5,5,0.44
AB2_RuleBased,Careless,1,30,0.8199,30,5,4,0.4
AB2_RuleBased,Careless,1,4,0.8052,4,0,0,1.0
AB2_RuleBased,Careless,1,6,0.8093,6,0,0,0.8333
AB2_RuleBased,Careless,1,20,0.8219,20,3,3,0.45
AB2_RuleBased,Careless,1,12,0.8015,12,2,2,0.5833
AB2_RuleBased,Careless,1,11,0.8086,11,0,0,0.6364
AB2_RuleBased,Careless,1,26,0.808,26,4,4,0.4615
AB2_RuleBased,Careless,1,10,0.8066,10,1,1,0.7
AB2_RuleBased,Careless,1,10,0.8043,10,0,0,0.8
AB2_RuleBased,Careless,0,40,0.7578,,6,5,0.4
AB2_RuleBased,Careless,1,31,0.8119,31,5,4,0.4516
AB2_RuleBased,Careless,1,10,0.8011,10,2,2,0.5
AB2_RuleBased,Careless,1,25,0.8029,25,4,4,0.44
AB2_RuleBased,Careless,1,26,0.8039,26,5,5,0.3846
AB2_RuleBased,Careless,1,12,0.8108,12,1,1,0.6667
AB2_RuleBased,Careless,1,12,0.8038,12,1,1,0.6667
AB2_RuleBased,Careless,1,17,0.8017,17,3,3,0.4706
AB2_RuleBased,Careless,1,16,0.8083,16,2,2,0.5625
AB2_RuleBased,Careless,1,20,0.806,20,2,2,0.45
AB2_RuleBased,Careless,1,10,0.8077,10,1,1,0.7
AB2_RuleBased,Careless,1,12,0.8011,12,0,0,0.75
AB2_RuleBased,Careless,1,31,0.805,31,5,5,0.3548
AB2_RuleBased,Careless,1,18,0.8113,18,3,3,0.4444
AB2_RuleBased,Careless,1,16,0.8002,16,1,1,0.5
AB2_RuleBased,Careless,1,14,0.8042,14,1,0,0.6429
AB2_RuleBased,Careless,1,12,0.8017,12,2,1,0.5
AB2_RuleBased,Careless,1,12,0.8148,12,1,1,0.6667
AB2_RuleBased,Careless,1,13,0.801,13,2,2,0.5385
AB2_RuleBased,Weak,0,40,0.6343,,9,0,0.475
AB2_RuleBased,Weak,0,40,0.6294,,8,0,0.425
AB2_RuleBased,Weak,0,40,0.5784,,12,0,0.375
AB2_RuleBased,Weak,0,40,0.4979,,9,0,0.575
AB2_RuleBased,Weak,0,40,0.7645,,4,0,0.725
AB2_RuleBased,Weak,0,40,0.5735,,9,0,0.475
AB2_RuleBased,Weak,0,40,0.5667,,12,0,0.475
AB2_RuleBased,Weak,0,40,0.6942,,7,0,0.55
AB2_RuleBased,Weak,0,40,0.6164,,8,0,0.6
AB2_RuleBased,Weak,0,40,0.6938,,8,0,0.525
AB2_RuleBased,Weak,0,40,0.7315,,8,0,0.6
AB2_RuleBased,Weak,0,40,0.5288,,8,0,0.575
AB2_RuleBased,Weak,0,40,0.5943,,10,0,0.525
AB2_RuleBased,Weak,0,40,0.6406,,7,0,0.6
AB2_RuleBased,Weak,0,40,0.6366,,7,0,0.525
AB2_RuleBased,Weak,0,40,0.6447,,9,0,0.475
AB2_RuleBased,Weak,0,40,0.6361,,8,0,0.575
AB2_RuleBased,Weak,0,40,0.6036,,8,0,0.625
AB2_RuleBased,Weak,0,40,0.5472,,6,0,0.575
AB2_RuleBased,Weak,0,40,0.4946,,10,0,0.65
AB2_RuleBased,Weak,0,40,0.5157,,11,0,0.575
AB2_RuleBased,Weak,0,40,0.7066,,6,0,0.575
AB2_RuleBased,Weak,0,40,0.6519,,7,0,0.6
AB2_RuleBased,Weak,0,40,0.5372,,11,0,0.45
AB2_RuleBased,Weak,0,40,0.7337,,4,0,0.675
AB2_RuleBased,Weak,0,40,0.5208,,10,0,0.45
AB2_RuleBased,Weak,0,40,0.5662,,14,0,0.5
AB2_RuleBased,Weak,0,40,0.6837,,8,0,0.575
AB2_RuleBased,Weak,0,40,0.6392,,8,0,0.65
AB2_RuleBased,Weak,0,40,0.5365,,11,0,0.475
AB2_RuleBased,Weak,0,40,0.635,,7,0,0.55
AB2_RuleBased,Weak,0,40,0.697,,7,0,0.7
AB2_RuleBased,Weak,0,40,0.6239,,10,0,0.525
AB2_RuleBased,Weak,0,40,0.6007,,9,0,0.55
AB2_RuleBased,Weak,0,40,0.6428,,8,0,0.7
AB2_RuleBased,Weak,0,40,0.7253,,5,0,0.625
AB2_RuleBased,Weak,0,40,0.7302,,7,0,0.6
AB2_RuleBased,Weak,0,40,0.6092,,8,0,0.525
AB2_RuleBased,Weak,0,40,0.58,,9,0,0.55
AB2_RuleBased,Weak,0,40,0.6435,,9,0,0.575
AB2_RuleBased,Weak,0,40,0.7972,,6,0,0.65
AB2_RuleBased,Weak,0,40,0.518,,9,0,0.425
AB2_RuleBased,Weak,0,40,0.6433,,7,0,0.575
AB2_RuleBased,Weak,0,40,0.6301,,6,0,0.625
AB2_RuleBased,Weak,0,40,0.5826,,9,0,0.6
AB2_RuleBased,Weak,0,40,0.5965,,9,0,0.475
AB2_RuleBased,Weak,0,40,0.6438,,7,0,0.525
AB2_RuleBased,Weak,0,40,0.4945,,11,0,0.475
AB2_RuleBased,Weak,0,40,0.6021,,11,0,0.5
AB2_RuleBased,Weak,0,40,0.5564,,11,0,0.45
AB2_RuleBased,Weak,0,40,0.6321,,9,0,0.525
AB2_RuleBased,Weak,0,40,0.5988,,9,0,0.575
AB2_RuleBased,Weak,0,40,0.6395,,4,0,0.575
AB2_RuleBased,Weak,0,40,0.5394,,8,0,0.4
AB2_RuleBased,Weak,0,40,0.641,,10,0,0.575
AB2_RuleBased,Weak,0,40,0.5616,,9,0,0.625
AB2_RuleBased,Weak,0,40,0.5468,,8,0,0.425
AB2_RuleBased,Weak,0,40,0.7655,,5,1,0.725
AB2_RuleBased,Weak,0,40,0.6099,,11,0,0.425
AB2_RuleBased,Weak,0,40,0.6345,,9,0,0.575
AB2_RuleBased,Weak,0,40,0.5512,,8,0,0.5
AB2_RuleBased,Weak,0,40,0.5525,,9,0,0.6
AB2_RuleBased,Weak,0,40,0.7675,,4,0,0.775
AB2_RuleBased,Weak,0,40,0.6415,,6,0,0.625
AB2_RuleBased,Weak,0,40,0.5492,,10,0,0.525
AB2_RuleBased,Weak,0,40,0.7212,,3,0,0.75
AB2_RuleBased,Weak,0,40,0.5559,,12,0,0.45
AB2_RuleBased,Weak,0,40,0.6151,,10,0,0.45
AB2_RuleBased,Weak,0,40,0.6344,,5,0,0.7
AB2_RuleBased,Weak,0,40,0.5622,,11,0,0.325
AB2_RuleBased,Weak,0,40,0.6114,,7,0,0.575
AB2_RuleBased,Weak,0,40,0.5914,,7,0,0.65
AB2_RuleBased,Weak,0,40,0.5302,,10,0,0.4
AB2_RuleBased,Weak,0,40,0.7923,,8,1,0.65
AB2_RuleBased,Weak,0,40,0.5338,,9,0,0.6
AB2_RuleBased,Weak,0,40,0.594,,11,0,0.5
AB2_RuleBased,Weak,0,40,0.548,,8,0,0.6
AB2_RuleBased,Weak,0,40,0.4751,,7,0,0.575
AB2_RuleBased,Weak,0,40,0.5539,,12,0,0.475
AB2_RuleBased,Weak,0,40,0.6249,,4,0,0.625
AB2_RuleBased,Weak,0,40,0.6576,,4,0,0.75
AB2_RuleBased,Weak,0,40,0.6402,,8,0,0.625
AB2_RuleBased,Weak,0,40,0.6311,,6,0,0.525
AB2_RuleBased,Weak,0,40,0.543,,9,0,0.575
AB2_RuleBased,Weak,0,40,0.6544,,6,0,0.7
AB2_RuleBased,Weak,0,40,0.642,,10,0,0.475
AB2_RuleBased,Weak,0,40,0.5748,,7,0,0.7
AB2_RuleBased,Weak,0,40,0.6313,,9,0,0.675
AB2_RuleBased,Weak,0,40,0.5592,,9,0,0.55
AB2_RuleBased,Weak,0,40,0.5824,,6,0,0.6
AB2_RuleBased,Weak,0,40,0.4997,,11,0,0.525
AB2_RuleBased,Weak,0,40,0.5959,,10,0,0.4
AB2_RuleBased,Weak,0,40,0.6366,,8,0,0.6
AB2_RuleBased,Weak,0,40,0.663,,8,0,0.65
AB2_RuleBased,Weak,0,40,0.648,,7,0,0.65
AB2_RuleBased,Weak,0,40,0.6595,,7,0,0.625
AB2_RuleBased,Weak,0,40,0.6689,,5,0,0.625
AB2_RuleBased,Weak,0,40,0.7267,,5,0,0.65
AB2_RuleBased,Weak,0,40,0.5557,,8,0,0.65
AB2_RuleBased,Weak,0,40,0.7011,,8,0,0.65
AB2_RuleBased,Average,1,30,0.8054,30,1,0,0.6333
AB2_RuleBased,Average,1,37,0.8007,37,4,2,0.6757
AB2_RuleBased,Average,1,30,0.802,30,5,0,0.5667
AB2_RuleBased,Average,1,40,0.803,40,7,1,0.6
AB2_RuleBased,Average,0,40,0.7837,,7,1,0.525
AB2_RuleBased,Average,1,27,0.8003,27,1,0,0.6296
AB2_RuleBased,Average,0,40,0.7981,,5,1,0.6
AB2_RuleBased,Average,1,37,0.8031,37,4,0,0.5676
AB2_RuleBased,Average,1,37,0.801,37,5,0,0.5946
AB2_RuleBased,Average,1,27,0.8008,27,2,0,0.7037
AB2_RuleBased,Average,1,37,0.8092,37,3,0,0.6757
AB2_RuleBased,Average,1,22,0.8067,22,2,0,0.7273
AB2_RuleBased,Average,1,24,0.8034,24,2,0,0.6667
AB2_RuleBased,Average,1,30,0.8191,30,1,0,0.6667
AB2_RuleBased,Average,1,26,0.8042,26,2,1,0.5769
AB2_RuleBased,Average,1,36,0.8005,36,1,0,0.6667
AB2_RuleBased,Average,1,32,0.8029,32,1,0,0.7188
AB2_RuleBased,Average,1,20,0.8018,20,2,0,0.75
AB2_RuleBased,Average,0,40,0.7556,,4,3,0.625
AB2_RuleBased,Average,1,37,0.8148,37,4,3,0.6216
AB2_RuleBased,Average,1,26,0.8094,26,3,0,0.6154
AB2_RuleBased,Average,0,40,0.7969,,4,1,0.625
AB2_RuleBased,Average,1,30,0.8248,30,5,0,0.5667
AB2_RuleBased,Average,1,22,0.8068,22,2,1,0.7727
AB2_RuleBased,Average,1,26,0.8107,26,2,0,0.6923
AB2_RuleBased,Average,1,29,0.8119,29,2,2,0.6552
AB2_RuleBased,Average,1,20,0.8105,20,1,0,0.75
AB2_RuleBased,Average,1,20,0.8088,20,0,0,0.8
AB2_RuleBased,Average,1,30,0.8135,30,3,0,0.6
AB2_RuleBased,Average,0,40,0.7692,,4,1,0.7
AB2_RuleBased,Average,1,19,0.8062,19,1,0,0.7895
AB2_RuleBased,Average,1,27,0.8192,27,3,0,0.6296
AB2_RuleBased,Average,0,40,0.7672,,5,0,0.6
AB2_RuleBased,Average,1,32,0.8233,32,4,0,0.5938
AB2_RuleBased,Average,1,23,0.808,23,2,1,0.6957
AB2_RuleBased,Average,1,25,0.8165,25,1,0,0.84
AB2_RuleBased,Average,1,21,0.8024,21,1,0,0.7143
AB2_RuleBased,Average,0,40,0.7459,,6,2,0.525
AB2_RuleBased,Average,0,40,0.749,,2,0,0.625
AB2_RuleBased,Average,0,40,0.7662,,4,1,0.55
AB2_RuleBased,Average,1,31,0.8052,31,4,0,0.6452
AB2_RuleBased,Average,1,34,0.8058,34,3,0,0.7647
AB2_RuleBased,Average,0,40,0.7475,,5,0,0.525
AB2_RuleBased,Average,1,35,0.8101,35,3,2,0.6
AB2_RuleBased,Average,1,37,0.818,37,2,1,0.7568
AB2_RuleBased,Average,1,30,0.8162,30,1,0,0.7
AB2_RuleBased,Average,1,20,0.8069,20,1,0,0.85
AB2_RuleBased,Average,1,31,0.8007,31,3,1,0.6129
AB2_RuleBased,Average,1,28,0.8205,28,3,2,0.6071
AB2_RuleBased,Average,1,20,0.806,20,1,1,0.6
AB2_RuleBased,Average,1,30,0.844,30,2,0,0.6333
AB2_RuleBased,Average,1,25,0.8163,25,2,1,0.64
AB2_RuleBased,Average,1,19,0.803,19,0,0,0.8421
AB2_RuleBased,Average,1,30,0.8055,30,2,1,0.6333
AB2_RuleBased,Average,0,40,0.7662,,6,1,0.55
AB2_RuleBased,Average,1,31,0.8019,31,3,1,0.5806
AB2_RuleBased,Average,1,30,0.8004,30,2,1,0.7
AB2_RuleBased,Average,1,25,0.8287,25,0,0,0.8
AB2_RuleBased,Average,1,31,0.8007,31,3,2,0.6774
AB2_RuleBased,Average,1,23,0.809,23,3,1,0.6957
AB2_RuleBased,Average,0,40,0.7785,,3,0,0.75
AB2_RuleBased,Average,1,32,0.836,32,1,0,0.6875
AB2_RuleBased,Average,0,40,0.7654,,5,1,0.6
AB2_RuleBased,Average,0,40,0.7518,,7,2,0.5
AB2_RuleBased,Average,1,35,0.8046,35,4,2,0.6
AB2_RuleBased,Average,0,40,0.7228,,8,2,0.35
AB2_RuleBased,Average,1,23,0.8055,23,3,2,0.5652
AB2_RuleBased,Average,0,40,0.7675,,5,3,0.5
AB2_RuleBased,Average,0,40,0.7441,,6,0,0.575
AB2_RuleBased,Average,1,25,0.8204,25,2,0,0.68
AB2_RuleBased,Average,1,21,0.8079,21,1,1,0.619
AB2_RuleBased,Average,1,40,0.8069,40,6,0,0.55
AB2_RuleBased,Average,1,19,0.8,19,1,0,0.7895
AB2_RuleBased,Average,1,22,0.8144,22,0,0,0.8182
AB2_RuleBased,Average,1,20,0.8345,20,1,1,0.75
AB2_RuleBased,Average,1,27,0.8337,27,3,1,0.6667
AB2_RuleBased,Average,0,40,0.7001,,7,0,0.475
AB2_RuleBased,Average,1,22,0.8002,22,4,0,0.5909
AB2_RuleBased,Average,1,37,0.8004,37,6,1,0.5135
AB2_RuleBased,Average,1,31,0.8067,31,5,0,0.5161
AB2_RuleBased,Average,1,19,0.8034,19,2,0,0.7368
AB2_RuleBased,Average,1,24,0.8017,24,2,0,0.7083
AB2_RuleBased,Average,1,22,0.8086,22,1,0,0.6818
AB2_RuleBased,Average,1,34,0.8038,34,2,0,0.6471
AB2_RuleBased,Average,1,37,0.8272,37,7,1,0.4865
AB2_RuleBased,Average,0,40,0.7531,,6,0,0.5
AB2_RuleBased,Average,0,40,0.7103,,5,0,0.5
AB2_RuleBased,Average,0,40,0.7135,,3,1,0.525
AB2_RuleBased,Average,1,25,0.8059,25,2,0,0.56
AB2_RuleBased,Average,1,35,0.8136,35,4,1,0.6571
AB2_RuleBased,Average,1,15,0.8047,15,1,0,0.8667
AB2_RuleBased,Average,1,31,0.8025,31,6,2,0.5484
AB2_RuleBased,Average,0,40,0.7156,,1,0,0.7
AB2_RuleBased,Average,1,19,0.8076,19,1,0,0.8421
AB2_RuleBased,Average,0,40,0.7792,,4,1,0.675
AB2_RuleBased,Average,1,26,0.8067,26,1,0,0.6923
AB2_RuleBased,Average,1,22,0.8277,22,1,0,0.6818
AB2_RuleBased,Average,1,27,0.8052,27,1,0,0.7407
AB2_RuleBased,Average,1,30,0.8091,30,2,1,0.7
AB2_RuleBased,Average,1,21,0.8037,21,1,0,0.7143
AB3_PPO_Dynamic,Careless,1,20,0.812,20,2,0,0.45
AB3_PPO_Dynamic,Careless,1,14,0.813,14,1,0,0.5714
AB3_PPO_Dynamic,Careless,1,6,0.8067,6,1,1,0.6667
AB3_PPO_Dynamic,Careless,1,7,0.8051,7,1,0,0.7143
AB3_PPO_Dynamic,Careless,1,7,0.8029,7,0,0,0.8571
AB3_PPO_Dynamic,Careless,1,9,0.8018,9,0,0,0.6667
AB3_PPO_Dynamic,Careless,1,8,0.8022,8,0,0,0.625
AB3_PPO_Dynamic,Careless,1,19,0.8051,19,4,0,0.3684
AB3_PPO_Dynamic,Careless,1,4,0.8044,4,0,0,1.0
AB3_PPO_Dynamic,Careless,1,15,0.8018,15,2,0,0.4667
AB3_PPO_Dynamic,Careless,1,4,0.8018,4,0,0,0.75
AB3_PPO_Dynamic,Careless,1,10,0.812,10,1,0,0.7
AB3_PPO_Dynamic,Careless,1,6,0.8058,6,0,0,1.0
AB3_PPO_Dynamic,Careless,1,18,0.8008,18,2,0,0.4444
AB3_PPO_Dynamic,Careless,1,8,0.8024,8,1,0,0.625
AB3_PPO_Dynamic,Careless,1,26,0.8036,26,5,1,0.3462
AB3_PPO_Dynamic,Careless,1,10,0.8026,10,2,1,0.5
AB3_PPO_Dynamic,Careless,1,10,0.8004,10,1,1,0.6
AB3_PPO_Dynamic,Careless,1,15,0.8013,15,3,1,0.4
AB3_PPO_Dynamic,Careless,1,6,0.8043,6,0,0,0.8333
AB3_PPO_Dynamic,Careless,1,6,0.8104,6,0,0,0.8333
AB3_PPO_Dynamic,Careless,1,13,0.8131,13,1,0,0.5385
AB3_PPO_Dynamic,Careless,1,8,0.8033,8,0,0,0.75
AB3_PPO_Dynamic,Careless,1,22,0.8031,22,4,0,0.4091
AB3_PPO_Dynamic,Careless,1,5,0.8089,5,0,0,0.8
AB3_PPO_Dynamic,Careless,1,14,0.8028,14,3,2,0.5
AB3_PPO_Dynamic,Careless,1,12,0.8005,12,3,2,0.4167
AB3_PPO_Dynamic,Careless,1,6,0.8036,6,0,0,0.6667
AB3_PPO_Dynamic,Careless,1,18,0.8087,18,4,1,0.3889
AB3_PPO_Dynamic,Careless,1,15,0.8003,15,2,0,0.4667
AB3_PPO_Dynamic,Careless,1,9,0.8036,9,1,1,0.7778
AB3_PPO_Dynamic,Careless,1,10,0.8067,10,1,0,0.5
AB3_PPO_Dynamic,Careless,1,8,0.8014,8,0,0,0.75
AB3_PPO_Dynamic,Careless,1,10,0.8022,10,1,1,0.5
AB3_PPO_Dynamic,Careless,1,8,0.8056,8,0,0,0.75
AB3_PPO_Dynamic,Careless,1,8,0.8021,8,2,0,0.5
AB3_PPO_Dynamic,Careless,1,16,0.8009,16,3,1,0.4375
AB3_PPO_Dynamic,Careless,1,16,0.8026,16,2,1,0.5
AB3_PPO_Dynamic,Careless,1,10,0.8109,10,2,0,0.6
AB3_PPO_Dynamic,Careless,1,14,0.8051,14,1,1,0.5
AB3_PPO_Dynamic,Careless,1,23,0.8128,23,3,1,0.3913
AB3_PPO_Dynamic,Careless,1,13,0.8119,13,2,1,0.6154
AB3_PPO_Dynamic,Careless,1,11,0.8102,11,2,1,0.5455
AB3_PPO_Dynamic,Careless,1,11,0.8011,11,1,0,0.6364
AB3_PPO_Dynamic,Careless,1,16,0.8077,16,3,1,0.4375
AB3_PPO_Dynamic,Careless,1,7,0.8,7,0,0,0.8571
AB3_PPO_Dynamic,Careless,1,12,0.8038,12,2,0,0.5833
AB3_PPO_Dynamic,Careless,1,9,0.8134,9,0,0,0.8889
AB3_PPO_Dynamic,Careless,1,14,0.8015,14,2,0,0.5714
AB3_PPO_Dynamic,Careless,1,14,0.8097,14,3,1,0.4286
AB3_PPO_Dynamic,Careless,1,13,0.8107,13,1,0,0.6154
AB3_PPO_Dynamic,Careless,1,11,0.8013,11,2,0,0.6364
AB3_PPO_Dynamic,Careless,1,9,0.8188,9,0,0,0.7778
AB3_PPO_Dynamic,Careless,1,9,0.8058,9,2,0,0.4444
AB3_PPO_Dynamic,Careless,1,25,0.8004,25,5,2,0.36
AB3_PPO_Dynamic,Careless,1,26,0.8032,26,5,1,0.3077
AB3_PPO_Dynamic,Careless,1,15,0.8031,15,2,1,0.5333
AB3_PPO_Dynamic,Careless,1,25,0.8043,25,4,0,0.4
AB3_PPO_Dynamic,Careless,1,11,0.8067,11,1,0,0.6364
AB3_PPO_Dynamic,Careless,1,10,0.8098,10,0,0,0.7
AB3_PPO_Dynamic,Careless,1,11,0.8044,11,1,0,0.6364
AB3_PPO_Dynamic,Careless,1,14,0.801,14,3,0,0.4286
AB3_PPO_Dynamic,Careless,1,11,0.8122,11,0,0,0.7273
AB3_PPO_Dynamic,Careless,1,8,0.8089,8,1,0,0.75
AB3_PPO_Dynamic,Careless,1,15,0.8101,15,3,0,0.4
AB3_PPO_Dynamic,Careless,1,6,0.8159,6,0,0,0.8333
AB3_PPO_Dynamic,Careless,1,5,0.803,5,0,0,0.8
AB3_PPO_Dynamic,Careless,1,14,0.8109,14,1,0,0.5714
AB3_PPO_Dynamic,Careless,1,9,0.8057,9,0,0,0.7778
AB3_PPO_Dynamic,Careless,1,17,0.8032,17,3,0,0.3529
AB3_PPO_Dynamic,Careless,1,7,0.8014,7,0,0,0.7143
AB3_PPO_Dynamic,Careless,1,7,0.8016,7,0,0,0.7143
AB3_PPO_Dynamic,Careless,1,17,0.8032,17,4,1,0.4706
AB3_PPO_Dynamic,Careless,1,24,0.802,24,5,2,0.375
AB3_PPO_Dynamic,Careless,1,19,0.8068,19,3,1,0.4737
AB3_PPO_Dynamic,Careless,1,11,0.8114,11,1,1,0.5455
AB3_PPO_Dynamic,Careless,1,11,0.8063,11,1,0,0.5455
AB3_PPO_Dynamic,Careless,1,10,0.801,10,2,0,0.4
AB3_PPO_Dynamic,Careless,1,6,0.8059,6,0,0,0.8333
AB3_PPO_Dynamic,Careless,1,16,0.8029,16,4,0,0.3125
AB3_PPO_Dynamic,Careless,1,6,0.8101,6,0,0,0.6667
AB3_PPO_Dynamic,Careless,1,8,0.8021,8,0,0,0.75
AB3_PPO_Dynamic,Careless,1,7,0.8124,7,0,0,0.7143
AB3_PPO_Dynamic,Careless,1,11,0.808,11,1,0,0.6364
AB3_PPO_Dynamic,Careless,1,6,0.8065,6,0,0,0.8333
AB3_PPO_Dynamic,Careless,1,20,0.814,20,4,1,0.5
AB3_PPO_Dynamic,Careless,1,11,0.8023,11,1,0,0.6364
AB3_PPO_Dynamic,Careless,1,39,0.8043,39,11,1,0.2821
AB3_PPO_Dynamic,Careless,1,15,0.8088,15,2,2,0.5333
AB3_PPO_Dynamic,Careless,1,11,0.8151,11,1,1,0.6364
AB3_PPO_Dynamic,Careless,1,5,0.8055,5,0,0,1.0
AB3_PPO_Dynamic,Careless,1,9,0.8059,9,1,0,0.6667
AB3_PPO_Dynamic,Careless,1,7,0.8019,7,0,0,0.7143
AB3_PPO_Dynamic,Careless,1,25,0.8069,25,4,2,0.4
AB3_PPO_Dynamic,Careless,1,22,0.8083,22,4,1,0.4545
AB3_PPO_Dynamic,Careless,1,15,0.8122,15,1,0,0.6
AB3_PPO_Dynamic,Careless,1,13,0.8034,13,2,0,0.3846
AB3_PPO_Dynamic,Careless,1,11,0.801,11,2,0,0.5455
AB3_PPO_Dynamic,Careless,1,8,0.809,8,1,0,0.75
AB3_PPO_Dynamic,Careless,1,7,0.81,7,0,0,0.8571
AB3_PPO_Dynamic,Weak,0,40,0.7769,,7,0,0.55
AB3_PPO_Dynamic,Weak,0,40,0.5916,,10,0,0.35
AB3_PPO_Dynamic,Weak,0,40,0.6625,,7,0,0.5
AB3_PPO_Dynamic,Weak,0,40,0.6766,,8,0,0.5
AB3_PPO_Dynamic,Weak,0,40,0.2926,,13,0,0.125
AB3_PPO_Dynamic,Weak,1,36,0.8177,36,4,0,0.6389
AB3_PPO_Dynamic,Weak,1,27,0.8008,27,2,0,0.7037
AB3_PPO_Dynamic,Weak,0,40,0.5684,,10,0,0.425
AB3_PPO_Dynamic,Weak,0,40,0.7578,,8,0,0.5
AB3_PPO_Dynamic,Weak,1,37,0.8009,37,6,0,0.6486
AB3_PPO_Dynamic,Weak,0,40,0.7265,,8,0,0.5
AB3_PPO_Dynamic,Weak,0,40,0.6619,,9,0,0.5
AB3_PPO_Dynamic,Weak,0,40,0.323,,12,0,0.225
AB3_PPO_Dynamic,Weak,0,40,0.5718,,10,0,0.325
AB3_PPO_Dynamic,Weak,1,32,0.8018,32,4,0,0.6562
AB3_PPO_Dynamic,Weak,0,40,0.4712,,10,0,0.25
AB3_PPO_Dynamic,Weak,0,40,0.7022,,8,0,0.5
AB3_PPO_Dynamic,Weak,0,40,0.2977,,12,0,0.225
AB3_PPO_Dynamic,Weak,1,39,0.8119,39,5,0,0.5641
AB3_PPO_Dynamic,Weak,0,40,0.7627,,7,0,0.55
AB3_PPO_Dynamic,Weak,0,40,0.5075,,10,0,0.35
AB3_PPO_Dynamic,Weak,0,40,0.3958,,12,0,0.25
AB3_PPO_Dynamic,Weak,0,40,0.754,,7,0,0.475
AB3_PPO_Dynamic,Weak,0,40,0.6067,,9,0,0.4
AB3_PPO_Dynamic,Weak,0,40,0.4643,,11,0,0.3
AB3_PPO_Dynamic,Weak,0,40,0.7218,,7,0,0.5
AB3_PPO_Dynamic,Weak,0,40,0.5141,,11,0,0.35
AB3_PPO_Dynamic,Weak,0,40,0.6908,,8,0,0.475
AB3_PPO_Dynamic,Weak,0,40,0.358,,9,0,0.325
AB3_PPO_Dynamic,Weak,1,30,0.8079,30,2,0,0.6667
AB3_PPO_Dynamic,Weak,0,40,0.7849,,5,0,0.625
AB3_PPO_Dynamic,Weak,0,40,0.5997,,8,0,0.4
AB3_PPO_Dynamic,Weak,0,40,0.6338,,8,0,0.45
AB3_PPO_Dynamic,Weak,0,40,0.6773,,8,0,0.45
AB3_PPO_Dynamic,Weak,0,40,0.3634,,13,0,0.225
AB3_PPO_Dynamic,Weak,0,40,0.755,,6,0,0.45
AB3_PPO_Dynamic,Weak,0,40,0.2144,,13,0,0.125
AB3_PPO_Dynamic,Weak,0,40,0.5258,,10,0,0.325
AB3_PPO_Dynamic,Weak,0,40,0.4277,,11,0,0.35
AB3_PPO_Dynamic,Weak,1,39,0.8071,39,6,0,0.5897
AB3_PPO_Dynamic,Weak,0,40,0.3724,,10,0,0.325
AB3_PPO_Dynamic,Weak,0,40,0.3392,,12,0,0.125
AB3_PPO_Dynamic,Weak,0,40,0.7149,,10,0,0.425
AB3_PPO_Dynamic,Weak,0,40,0.7064,,5,0,0.525
AB3_PPO_Dynamic,Weak,1,38,0.8202,38,5,0,0.6316
AB3_PPO_Dynamic,Weak,0,40,0.3775,,12,0,0.3
AB3_PPO_Dynamic,Weak,0,40,0.7347,,8,0,0.5
AB3_PPO_Dynamic,Weak,0,40,0.6275,,10,0,0.45
AB3_PPO_Dynamic,Weak,0,40,0.3516,,12,0,0.2
AB3_PPO_Dynamic,Weak,0,40,0.3737,,11,0,0.3
AB3_PPO_Dynamic,Weak,0,40,0.6423,,7,0,0.5
AB3_PPO_Dynamic,Weak,0,40,0.7317,,7,0,0.525
AB3_PPO_Dynamic,Weak,0,40,0.4428,,10,0,0.225
AB3_PPO_Dynamic,Weak,0,40,0.4589,,12,0,0.275
AB3_PPO_Dynamic,Weak,0,40,0.5051,,10,0,0.35
AB3_PPO_Dynamic,Weak,0,40,0.7686,,5,0,0.55
AB3_PPO_Dynamic,Weak,0,40,0.6435,,9,0,0.475
AB3_PPO_Dynamic,Weak,0,40,0.4802,,10,0,0.3
AB3_PPO_Dynamic,Weak,1,34,0.8156,34,4,0,0.6765
AB3_PPO_Dynamic,Weak,0,40,0.4718,,10,0,0.3
AB3_PPO_Dynamic,Weak,0,40,0.6554,,6,0,0.475
AB3_PPO_Dynamic,Weak,0,40,0.3042,,13,0,0.15
AB3_PPO_Dynamic,Weak,0,40,0.6401,,8,0,0.45
AB3_PPO_Dynamic,Weak,0,40,0.5139,,9,0,0.4
AB3_PPO_Dynamic,Weak,1,37,0.814,37,6,0,0.5676
AB3_PPO_Dynamic,Weak,0,40,0.6792,,9,0,0.475
AB3_PPO_Dynamic,Weak,0,40,0.6172,,7,0,0.475
AB3_PPO_Dynamic,Weak,0,40,0.3959,,10,0,0.35
AB3_PPO_Dynamic,Weak,0,40,0.7855,,7,0,0.55
AB3_PPO_Dynamic,Weak,0,40,0.5389,,8,0,0.375
AB3_PPO_Dynamic,Weak,0,40,0.3472,,11,0,0.275
AB3_PPO_Dynamic,Weak,0,40,0.3908,,11,0,0.225
AB3_PPO_Dynamic,Weak,0,40,0.4687,,10,0,0.3
AB3_PPO_Dynamic,Weak,0,40,0.5009,,10,0,0.35
AB3_PPO_Dynamic,Weak,0,40,0.525,,10,0,0.425
AB3_PPO_Dynamic,Weak,1,37,0.8031,37,5,0,0.5405
AB3_PPO_Dynamic,Weak,0,40,0.4111,,12,0,0.275
AB3_PPO_Dynamic,Weak,0,40,0.642,,8,0,0.475
AB3_PPO_Dynamic,Weak,0,40,0.4633,,12,0,0.325
AB3_PPO_Dynamic,Weak,0,40,0.6106,,8,0,0.45
AB3_PPO_Dynamic,Weak,0,40,0.6916,,9,0,0.525
AB3_PPO_Dynamic,Weak,0,40,0.7621,,7,0,0.525
AB3_PPO_Dynamic,Weak,0,40,0.3454,,13,0,0.2
AB3_PPO_Dynamic,Weak,0,40,0.5585,,9,0,0.35
AB3_PPO_Dynamic,Weak,0,40,0.4588,,10,0,0.325
AB3_PPO_Dynamic,Weak,0,40,0.4507,,11,0,0.35
AB3_PPO_Dynamic,Weak,0,40,0.3442,,12,0,0.175
AB3_PPO_Dynamic,Weak,0,40,0.7325,,7,0,0.525
AB3_PPO_Dynamic,Weak,0,40,0.6707,,7,0,0.425
AB3_PPO_Dynamic,Weak,0,40,0.7546,,6,0,0.575
AB3_PPO_Dynamic,Weak,0,40,0.3906,,12,0,0.3
AB3_PPO_Dynamic,Weak,0,40,0.4654,,10,0,0.25
AB3_PPO_Dynamic,Weak,0,40,0.4592,,10,0,0.25
AB3_PPO_Dynamic,Weak,0,40,0.4702,,11,0,0.325
AB3_PPO_Dynamic,Weak,0,40,0.2006,,13,0,0.075
AB3_PPO_Dynamic,Weak,0,40,0.6395,,11,0,0.45
AB3_PPO_Dynamic,Weak,1,29,0.8085,29,3,0,0.7241
AB3_PPO_Dynamic,Weak,0,40,0.4965,,10,0,0.25
AB3_PPO_Dynamic,Weak,0,40,0.7979,,5,1,0.625
AB3_PPO_Dynamic,Weak,0,40,0.3614,,10,0,0.25
AB3_PPO_Dynamic,Average,1,21,0.8205,21,2,0,0.619
AB3_PPO_Dynamic,Average,1,15,0.8039,15,2,0,0.6667
AB3_PPO_Dynamic,Average,1,21,0.8111,21,1,0,0.6667
AB3_PPO_Dynamic,Average,1,22,0.8006,22,3,0,0.5909
AB3_PPO_Dynamic,Average,1,36,0.8061,36,6,1,0.4722
AB3_PPO_Dynamic,Average,0,40,0.7993,,8,0,0.375
AB3_PPO_Dynamic,Average,1,32,0.8098,32,4,0,0.5312
AB3_PPO_Dynamic,Average,1,35,0.8168,35,5,0,0.4857
AB3_PPO_Dynamic,Average,1,16,0.8049,16,1,0,0.6875
AB3_PPO_Dynamic,Average,1,25,0.8183,25,2,0,0.64
AB3_PPO_Dynamic,Average,1,22,0.8005,22,4,0,0.5
AB3_PPO_Dynamic,Average,1,26,0.8008,26,3,0,0.5385
AB3_PPO_Dynamic,Average,1,25,0.8064,25,5,0,0.52
AB3_PPO_Dynamic,Average,1,24,0.8197,24,3,0,0.5833
AB3_PPO_Dynamic,Average,1,23,0.8018,23,1,0,0.6957
AB3_PPO_Dynamic,Average,1,27,0.8073,27,4,0,0.5185
AB3_PPO_Dynamic,Average,1,37,0.8165,37,7,0,0.4865
AB3_PPO_Dynamic,Average,1,39,0.818,39,7,0,0.4359
AB3_PPO_Dynamic,Average,1,37,0.8011,37,5,0,0.4324
AB3_PPO_Dynamic,Average,1,34,0.8075,34,4,0,0.4706
AB3_PPO_Dynamic,Average,1,26,0.8052,26,2,0,0.5385
AB3_PPO_Dynamic,Average,1,29,0.8026,29,3,0,0.5517
AB3_PPO_Dynamic,Average,1,18,0.8092,18,2,0,0.6667
AB3_PPO_Dynamic,Average,1,36,0.806,36,5,0,0.4444
AB3_PPO_Dynamic,Average,1,18,0.8094,18,1,0,0.7222
AB3_PPO_Dynamic,Average,1,23,0.8012,23,3,0,0.6087
AB3_PPO_Dynamic,Average,1,27,0.8157,27,4,0,0.5556
AB3_PPO_Dynamic,Average,1,28,0.807,28,4,0,0.5714
AB3_PPO_Dynamic,Average,1,25,0.8068,25,3,0,0.52
AB3_PPO_Dynamic,Average,1,34,0.8124,34,6,0,0.4706
AB3_PPO_Dynamic,Average,1,26,0.8091,26,3,0,0.5769
AB3_PPO_Dynamic,Average,1,38,0.8159,38,7,0,0.4211
AB3_PPO_Dynamic,Average,1,22,0.8063,22,1,0,0.6364
AB3_PPO_Dynamic,Average,1,18,0.8146,18,1,0,0.6667
AB3_PPO_Dynamic,Average,1,23,0.8104,23,3,0,0.5652
AB3_PPO_Dynamic,Average,1,16,0.8001,16,1,0,0.6875
AB3_PPO_Dynamic,Average,1,23,0.8078,23,5,0,0.5217
AB3_PPO_Dynamic,Average,1,22,0.8025,22,3,0,0.6818
AB3_PPO_Dynamic,Average,1,23,0.8186,23,2,0,0.6087
AB3_PPO_Dynamic,Average,1,40,0.8222,40,7,0,0.45
AB3_PPO_Dynamic,Average,1,17,0.8001,17,1,0,0.7059
AB3_PPO_Dynamic,Average,1,25,0.8132,25,3,1,0.52
AB3_PPO_Dynamic,Average,1,29,0.8145,29,2,1,0.5517
AB3_PPO_Dynamic,Average,1,29,0.8005,29,4,0,0.4828
AB3_PPO_Dynamic,Average,1,21,0.8126,21,3,1,0.5714
AB3_PPO_Dynamic,Average,1,23,0.8003,23,3,1,0.5652
AB3_PPO_Dynamic,Average,1,19,0.8087,19,1,0,0.6842
AB3_PPO_Dynamic,Average,1,29,0.8157,29,3,0,0.5172
AB3_PPO_Dynamic,Average,1,20,0.8101,20,1,0,0.7
AB3_PPO_Dynamic,Average,1,27,0.8153,27,4,0,0.5556
AB3_PPO_Dynamic,Average,1,32,0.8011,32,6,0,0.4062
AB3_PPO_Dynamic,Average,1,26,0.8182,26,3,0,0.5769
AB3_PPO_Dynamic,Average,1,16,0.815,16,0,0,0.8125
AB3_PPO_Dynamic,Average,1,20,0.8111,20,3,0,0.6
AB3_PPO_Dynamic,Average,1,25,0.8134,25,3,0,0.52
AB3_PPO_Dynamic,Average,1,18,0.8055,18,2,0,0.7222
AB3_PPO_Dynamic,Average,1,24,0.8048,24,3,0,0.5833
AB3_PPO_Dynamic,Average,1,20,0.8053,20,1,0,0.65
AB3_PPO_Dynamic,Average,1,18,0.8146,18,1,0,0.7222
AB3_PPO_Dynamic,Average,1,20,0.807,20,0,0,0.65
AB3_PPO_Dynamic,Average,1,14,0.805,14,0,0,0.7857
AB3_PPO_Dynamic,Average,1,22,0.8105,22,2,0,0.6364
AB3_PPO_Dynamic,Average,1,18,0.8014,18,1,0,0.7222
AB3_PPO_Dynamic,Average,1,27,0.8007,27,3,0,0.5556
AB3_PPO_Dynamic,Average,1,18,0.8085,18,0,0,0.7778
AB3_PPO_Dynamic,Average,1,19,0.8099,19,2,0,0.6316
AB3_PPO_Dynamic,Average,1,36,0.8033,36,5,0,0.3889
AB3_PPO_Dynamic,Average,1,16,0.8021,16,0,0,0.6875
AB3_PPO_Dynamic,Average,1,25,0.8062,25,2,0,0.56
AB3_PPO_Dynamic,Average,1,27,0.819,27,2,1,0.6296
AB3_PPO_Dynamic,Average,1,30,0.8059,30,3,0,0.5
AB3_PPO_Dynamic,Average,1,17,0.8065,17,1,0,0.7647
AB3_PPO_Dynamic,Average,1,19,0.8126,19,0,0,0.6842
AB3_PPO_Dynamic,Average,1,25,0.8121,25,3,0,0.52
AB3_PPO_Dynamic,Average,1,20,0.8129,20,1,0,0.7
AB3_PPO_Dynamic,Average,1,29,0.8081,29,4,1,0.5172
AB3_PPO_Dynamic,Average,1,21,0.8143,21,2,0,0.619
AB3_PPO_Dynamic,Average,1,30,0.8012,30,5,0,0.4667
AB3_PPO_Dynamic,Average,1,24,0.8021,24,3,0,0.5417
AB3_PPO_Dynamic,Average,1,21,0.81,21,1,0,0.6667
AB3_PPO_Dynamic,Average,1,19,0.8076,19,3,0,0.6316
AB3_PPO_Dynamic,Average,1,21,0.8071,21,3,0,0.5714
AB3_PPO_Dynamic,Average,1,26,0.8143,26,3,0,0.5385
AB3_PPO_Dynamic,Average,1,20,0.8066,20,1,0,0.7
AB3_PPO_Dynamic,Average,1,27,0.8119,27,4,0,0.5185
AB3_PPO_Dynamic,Average,1,24,0.8191,24,2,0,0.6667
AB3_PPO_Dynamic,Average,1,20,0.8093,20,3,0,0.65
AB3_PPO_Dynamic,Average,1,21,0.8055,21,1,0,0.6667
AB3_PPO_Dynamic,Average,1,19,0.8074,19,1,0,0.6316
AB3_PPO_Dynamic,Average,1,17,0.8017,17,1,0,0.7647
AB3_PPO_Dynamic,Average,1,31,0.801,31,4,1,0.5161
AB3_PPO_Dynamic,Average,1,17,0.8049,17,0,0,0.8235
AB3_PPO_Dynamic,Average,1,22,0.8005,22,3,0,0.6364
AB3_PPO_Dynamic,Average,1,22,0.8111,22,2,0,0.6364
AB3_PPO_Dynamic,Average,1,20,0.8195,20,2,1,0.6
AB3_PPO_Dynamic,Average,1,23,0.8162,23,1,0,0.6087
AB3_PPO_Dynamic,Average,1,34,0.8106,34,6,0,0.4706
AB3_PPO_Dynamic,Average,1,27,0.8065,27,4,2,0.5556
AB3_PPO_Dynamic,Average,1,22,0.8015,22,2,0,0.5455
AB3_PPO_Dynamic,Average,1,25,0.8006,25,3,0,0.6
